,Access_ID
0,798519314
1,798663101
2,798663221
3,798760918
4,798856982
5,798898641
6,798955308
7,799117844
8,799173361
9,799220668
10,799232931
11,799274994
12,799283872
13,799315955
14,799365523
15,799407396
16,799450160
17,799464703
18,799530467
19,799640174
20,799942224
21,799957625
22,799977093
23,799981025
24,799982993
25,800068922
26,800162566
27,800190704
28,800301855
29,800303404
30,800341466
31,800357463
32,800451262
33,800596698
34,800717082
35,800768171
36,800799204
37,800800888
38,800817115
39,800860148
40,801107000
41,801260942
42,801273802
43,801314596
44,801393718
45,801398462
46,801407113
47,801425232
48,801479207
49,801535345
50,801546914
51,801547515
52,801660675
53,801704974
54,801975678
55,801987976
56,802007490
57,802044208
58,802061437
59,802223069
60,802234787
61,802303701
62,802341116
63,802421472
64,802514375
65,802534557
66,802597322
67,802609103
68,802650287
69,802652958
70,802656195
71,802740810
72,802742464
73,802813849
74,802844194
75,802866960
76,802970269
77,802988015
78,803038976
79,803137480
80,803195364
81,803447156
82,803577178
83,803625241
84,803774907
85,804046450
86,804068966
87,804222311
88,804278986
89,804288461
90,804363974
91,804623030
92,804634765
93,804692224
94,804759879
95,804843752
96,804883092
97,805143253
98,805252741
99,805317697
100,805369407
101,805397207
102,805462635
103,805635966
104,805642629
105,805686536
106,805760926
107,805852593
108,805987301
109,805993038
110,806148666
111,806223324
112,806449349
113,806502151
114,806537626
115,806569891
116,806634693
117,806687596
118,806754251
119,806795101
120,806819716
121,807088542
122,807123650
123,807135615
124,807244715
125,807349851
126,807404377
127,807449479
128,807493109
129,807572721
130,807581596
131,807691280
132,807691438
133,807775067
134,807892813
135,807913168
136,807962217
137,807975596
138,808088690
139,808188073
140,808251178
141,808332651
142,808342438
143,808406539
144,808510778
145,808647221
146,808668395
147,808814705
148,808842114
149,808863688
150,809148026
151,809183447
152,809183767
153,809245123
154,809385506
155,809516598
156,809613345
157,809669971
158,809683063
159,809967005
160,809997516
161,810104248
162,810125662
163,810129988
164,810139485
165,810223732
166,810309635
167,810353757
168,810358576
169,810435451
170,810465508
171,810771628
172,811204915
173,811327907
174,811388459
175,811533747
176,811592532
177,811745893
178,811778652
179,811801767
180,811812175
181,811878498
182,811921380
183,811953889
184,811994540
185,812012091
186,812035637
187,812096405
188,812260546
189,812262723
190,812328019
191,812332906
192,812393089
193,812422135
194,812478072
195,812484738
196,812512289
197,812557942
198,812614517
199,812698344
200,812753473
201,812780861
202,812784024
203,812844763
204,812915074
205,812929431
206,813032187
207,813196207
208,813333213
209,813398025
210,813437562
211,813512430
212,813540505
213,813572410
214,813681132
215,813813103
216,813919292
217,813930112
218,814131352
219,814198051
220,814245062
221,814252634
222,814378769
223,814527091
224,814582827
225,814598309
226,814602786
227,814861646
228,814927592
229,814949904
230,814959999
231,815132038
232,815221765
233,815384318
234,815492083
235,815549707
236,815562829
237,815573275
238,815674794
239,815779631
240,815782371
241,815807262
242,815833844
243,815900454
244,815907185
245,815930442
246,816065912
247,816075960
248,816088045
249,816203936
250,816308610
251,816473883
252,816527395
253,816586493
254,816598902
255,816610783
256,816776410
257,816935957
258,816947752
259,816960692
260,816967141
261,817085003
262,817093853
263,817134457
264,817168363
265,817294009
266,817342449
267,817446622
268,817448848
269,817632435
270,817657312
271,817834618
272,817926989
273,817949248
274,817985131
275,818196628
276,818210702
277,818330811
278,818332482
279,818590368
280,818810498
281,818845614
282,818875171
283,818968847
284,818993967
285,819066986
286,819100647
287,819177223
288,819195945
289,819375421
290,819492031
291,819511481
292,819592187
293,819653912
294,819691570
295,819699508
296,819770101
297,819810797
298,819876508
299,819881588
300,819982251
301,820132383
302,820144148
303,820206733
304,820220514
305,820241355
306,820477397
307,820628532
308,820746137
309,820782885
310,820783766
311,820900296
312,820948988
313,820952396
314,820953649
315,820957267
316,821026423
317,821253713
318,821280377
319,821402531
320,821534717
321,821541232
322,821768205
323,821777409
324,821865530
325,822115055
326,822229076
327,822234347
328,822254282
329,822291406
330,822346001
331,822355093
332,822362175
333,822390007
334,822436471
335,822519371
336,822527352
337,822558656
338,822620170
339,822677652
340,822683410
341,822737872
342,822770795
343,822873820
344,822963919
345,823057377
346,823066794
347,823088605
348,823365229
349,823543427
350,823608131
351,823706356
352,823837150
353,823953312
354,824015232
355,824058313
356,824062758
357,824122504
358,824298198
359,824315327
360,824469889
361,824568645
362,824595410
363,824610719
364,824664762
365,824742797
366,824808864
367,824987560
368,825015529
369,825218881
370,825336997
371,825365221
372,825378855
373,825578774
374,825727518
375,826216783
376,826231601
377,826252795
378,826341434
379,826368682
380,826487633
381,826557352
382,826575771
383,826600766
384,826678066
385,826707994
386,826719557
387,826721690
388,826833145
389,826864505
390,826889895
391,826946240
392,827072763
393,827075482
394,827231930
395,827238022
396,827392891
397,827421412
398,827440600
399,827495445
400,827553447
401,827628342
402,827715920
403,827726124
404,827746165
405,827777910
406,827815668
407,827855814
408,827868816
409,827888113
410,828076785
411,828083148
412,828102459
413,828155302
414,828215598
415,828219526
416,828303064
417,828325457
418,828399688
419,828508212
420,828536549
421,828583932
422,828892243
423,828969021
424,828971989
425,829173652
426,829281145
427,829533145
428,829545765
429,829555786
430,829583839
431,829697552
432,829724754
433,829745736
434,829767692
435,829794352
436,829910027
437,830200528
438,830268614
439,830668403
440,830792288
441,830810780
442,830887718
443,831067401
444,831253473
445,831293319
446,831304121
447,831349990
448,831356558
449,831393149
450,831499329
451,831628790
452,831633279
453,831633519
454,831949644
455,831983020
456,832064725
457,832173339
458,832219718
459,832265463
460,832296638
461,832311363
462,832341172
463,832400768
464,832491887
465,832564592
466,832720590
467,832777096
468,832813054
469,833020853
470,833327094
471,833369345
472,833526627
473,833610910
474,833706308
475,833854910
476,833860310
477,833875272
478,833923162
479,833956609
480,834049481
481,834232549
482,834265508
483,834322504
484,834343121
485,834525479
486,834558457
487,835006076
488,835010704
489,835101796
490,835142972
491,835377703
492,835419346
493,835638108
494,835730311
495,835756094
496,835826561
497,835928827
498,836026308
499,836062838
500,836094777
501,836206662
502,836211055
503,836282975
504,836295142
505,836357414
506,836357608
507,836428214
508,836542229
509,836632452
510,836632630
511,836677786
512,836712183
513,836859024
514,836870031
515,836951588
516,836979233
517,837060860
518,837061604
519,837116392
520,837238602
521,837261597
522,837266892
523,837476430
524,837586200
525,837676041
526,837698813
527,837793703
528,837814079
529,837822731
530,837830965
531,837855414
532,837892521
533,837906233
534,837924575
535,837956264
536,838105042
537,838134913
538,838137937
539,838194582
540,838237030
541,838287450
542,838334221
543,838392914
544,838475783
545,838588978
546,838609775
547,838719265
548,838760997
549,838799496
550,838873377
551,839061179
552,839066615
553,839180825
554,839277436
555,839284169
556,839303142
557,839346015
558,839447663
559,839455340
560,839561762
561,839572816
562,839581647
563,839606101
564,839617790
565,839636797
566,839652699
567,839823800
568,839840180
569,839849602
570,839859747
571,839870412
572,839904504
573,840037420
574,840080818
575,840171880
576,840273525
577,840384892
578,840493916
579,840517477
580,840705575
581,840708569
582,840761869
583,841061075
584,841122594
585,841215732
586,841223254
587,841317077
588,841352746
589,841353505
590,841378400
591,841457754
592,841503605
593,841654827
594,841706009
595,841712813
596,841771351
597,841856479
598,841947188
599,842175993
600,842234990
601,842336368
602,842361539
603,842500876
604,842614549
605,842686633
606,842686635
607,842900836
608,842940296
609,842991165
610,843050712
611,843066962
612,843289991
613,843322576
614,843390593
615,843483409
616,843612189
617,843790714
618,843814237
619,843885860
620,843906043
621,843981998
622,843987275
623,844032984
624,844043179
625,844103079
626,844195928
627,844206255
628,844222212
629,844254357
630,844491266
631,844568546
632,844612016
633,844643129
634,844684531
635,844695696
636,844792840
637,844942155
638,845028233
639,845041366
640,845234207
641,845291407
642,845304614
643,845386323
644,845399574
645,845508745
646,845565164
647,845629198
648,845668329
649,845692915
650,845791823
651,845824465
652,845927576
653,845941047
654,845967564
655,846053402
656,846083057
657,846106249
658,846217639
659,846222411
660,846335289
661,846466696
662,846491427
663,846625842
664,846646006
665,846684199
666,846790563
667,846793328
668,846823250
669,846854992
670,846887929
671,846902566
672,846920128
673,846953595
674,846958610
675,847015870
676,847074972
677,847079090
678,847122060
679,847261163
680,847570681
681,847607744
682,847643645
683,847672910
684,847769941
685,847780194
686,847852347
687,847862598
688,848128353
689,848140645
690,848276933
691,848337918
692,848370350
693,848387609
694,848450198
695,848585591
696,848613921
697,848757235
698,848908431
699,848928639
700,849146556
701,849160766
702,849210946
703,849249068
704,849460330
705,849469043
706,849607004
707,849797845
708,849818871
709,849923918
710,849981251
711,850073975
712,850198577
713,850293413
714,850634810
715,850702642
716,850885165
717,850931225
718,851003970
719,851050964
720,851066269
721,851073566
722,851229683
723,851276348
724,851296219
725,851362772
726,851398066
727,851435081
728,851435165
729,851465259
730,851606268
731,851645024
732,851711336
733,851729744
734,851914461
735,852027527
736,852169029
737,852201994
738,852260615
739,852333359
740,852335836
741,852420502
742,852629686
743,852676160
744,852748397
745,852821544
746,852858299
747,852862059
748,852902311
749,852967039
750,853001315
751,853055908
752,853071081
753,853190427
754,853203587
755,853290002
756,853319802
757,853437286
758,853507214
759,853512446
760,853532044
761,853560004
762,853571255
763,853601086
764,853616549
765,853657900
766,853676155
767,853717876
768,853727693
769,853752164
770,853864980
771,853891258
772,854047187
773,854069030
774,854085943
775,854216433
776,854434795
777,854555323
778,854694125
779,854699694
780,854712691
781,854712961
782,854907827
783,854908577
784,854975272
785,855040898
786,855063069
787,855125178
788,855362776
789,855435044
790,855444281
791,855657690
792,855703675
793,855736337
794,855804054
795,856053088
796,856066632
797,856084267
798,856135504
799,856188600
800,856215121
801,856257747
802,856275974
803,856355321
804,856422980
805,856541639
806,856639691
807,856698821
808,856728240
809,856756864
810,856778418
811,856797223
812,856827226
813,856916847
814,856928901
815,856936230
816,856970940
817,857128670
818,857151231
819,857167915
820,857419170
821,857457071
822,857617323
823,857718996
824,857773232
825,857868673
826,858048863
827,858160067
828,858187627
829,858360942
830,858413601
831,858521850
832,858847133
833,859004777
834,859020805
835,859085573
836,859190793
837,859197218
838,859254168
839,859318924
840,859490109
841,859517139
842,859560387
843,859577731
844,859689809
845,859821003
846,859877590
847,859955520
848,860012389
849,860192332
850,860228808
851,860244983
852,860298355
853,860325617
854,860349423
855,860366116
856,860367925
857,860508633
858,860654716
859,860741197
860,860759593
861,860871492
862,860883158
863,861051224
864,861141358
865,861208707
866,861324420
867,861361599
868,861378736
869,861410535
870,861461570
871,861469942
872,861524697
873,861540063
874,861552522
875,861650212
876,861652003
877,861703110
878,861835114
879,862010451
880,862022056
881,862143496
882,862297392
883,862363951
884,862454531
885,862500428
886,862505620
887,862518040
888,862556908
889,862730574
890,862735746
891,862736939
892,862823941
893,862842543
894,862859518
895,862902730
896,862979116
897,863000737
898,863024102
899,863235455
900,863238467
901,863319126
902,863439463
903,863571755
904,863572818
905,863605998
906,863631038
907,863733236
908,863809915
909,863832070
910,863838462
911,863853914
912,863950992
913,864023741
914,864169708
915,864194172
916,864202695
917,864223648
918,864224451
919,864374237
920,864430777
921,864447851
922,864539144
923,864553076
924,864611565
925,864816600
926,864890247
927,864914054
928,865078748
929,865085820
930,865161075
931,865163271
932,865183071
933,865216836
934,865315760
935,865401850
936,865424392
937,865454909
938,865485804
939,865526209
940,865557207
941,865671226
942,865806949
943,866109368
944,866153380
945,866269627
946,866496255
947,866741046
948,866754258
949,866869661
950,866980325
951,867060071
952,867062251
953,867134004
954,867164877
955,867167312
956,867306016
957,867452593
958,867491908
959,867495424
960,867542584
961,867670953
962,867678042
963,867733633
964,867738147
965,867779357
966,867875729
967,867936374
968,867943337
969,867968851
970,868078756
971,868178793
972,868335519
973,868417251
974,868467142
975,868687463
976,868874886
977,868920245
978,869170688
979,869220712
980,869239646
981,869271618
982,869277366
983,869325318
984,869436483
985,869486348
986,869533963
987,869564701
988,869569939
989,869725858
990,869785626
991,869872389
992,869969123
993,870020381
994,870063401
995,870100291
996,870130504
997,870178420
998,870237286
999,870255066
1000,870258351
1001,870296115
1002,870382644
1003,870399033
1004,870454381
1005,870489807
1006,870516985
1007,870597473
1008,870704422
1009,870708006
1010,870728868
1011,870747343
1012,870927673
1013,871002806
1014,871105403
1015,871106816
1016,871121608
1017,871176573
1018,871178636
1019,871217603
1020,871301050
1021,871313503
1022,871613331
1023,871635112
1024,871678583
1025,871737168
1026,871844059
1027,871888176
1028,872049654
1029,872088159
1030,872177630
1031,872189495
1032,872203126
1033,872225094
1034,872268413
1035,872273146
1036,872377031
1037,872380579
1038,872417574
1039,872486250
1040,872527109
1041,872569657
1042,872593277
1043,872600411
1044,872608807
1045,872694408
1046,872748849
1047,872824229
1048,872868257
1049,872887138
1050,872939240
1051,872979970
1052,872982263
1053,873011492
1054,873073018
1055,873164481
1056,873202312
1057,873338651
1058,873389929
1059,873390700
1060,873495298
1061,873499655
1062,873504571
1063,873505624
1064,873567346
1065,873583973
1066,873598435
1067,873795434
1068,873830251
1069,873859710
1070,873860054
1071,873878038
1072,873933361
1073,874002544
1074,874089897
1075,874191837
1076,874512652
1077,874569006
1078,874684088
1079,874702488
1080,874735154
1081,875044346
1082,875081932
1083,875124756
1084,875137150
1085,875329696
1086,875579779
1087,875587160
1088,875662964
1089,875664499
1090,875680909
1091,875810881
1092,875812726
1093,875909370
1094,876182222
1095,876272452
1096,876305252
1097,876389671
1098,876472714
1099,876493723
1100,876592441
1101,876636823
1102,876666048
1103,877013416
1104,877060317
1105,877078099
1106,877219186
1107,877257018
1108,877321423
1109,877371938
1110,877397597
1111,877417661
1112,877471039
1113,877502055
1114,877615429
1115,877668927
1116,877784041
1117,877972085
1118,878041521
1119,878160781
1120,878171803
1121,878229485
1122,878262821
1123,878303790
1124,878371017
1125,878526856
1126,878562186
1127,878581905
1128,878592494
1129,878716386
1130,878835720
1131,878845831
1132,878877219
1133,878924005
1134,878935975
1135,879004678
1136,879011159
1137,879051960
1138,879240580
1139,879308696
1140,879381105
1141,879498937
1142,879552255
1143,879614878
1144,879752429
1145,879944675
1146,880028533
1147,880173775
1148,880187924
1149,880295823
1150,880552891
1151,880831499
1152,880939428
1153,881197743
1154,881300542
1155,881347287
1156,881364530
1157,881558164
1158,881638786
1159,881653832
1160,881657682
1161,881695036
1162,881698252
1163,881731545
1164,881945322
1165,881987932
1166,881991016
1167,882037488
1168,882232717
1169,882233893
1170,882269118
1171,882349334
1172,882367157
1173,882392279
1174,882410588
1175,882411726
1176,882432934
1177,882477090
1178,882577620
1179,882589542
1180,882594723
1181,882792317
1182,882914922
1183,882937738
1184,883018925
1185,883137318
1186,883267533
1187,883273963
1188,883294362
1189,883299578
1190,883319987
1191,883386074
1192,883451945
1193,883485969
1194,883823096
1195,883864971
1196,883883874
1197,883886848
1198,883958873
1199,883987470
1200,883997199
1201,884198446
1202,884309162
1203,884413442
1204,884414659
1205,884478563
1206,884628434
1207,884640210
1208,884776734
1209,884830484
1210,884944375
1211,885015632
1212,885020294
1213,885036217
1214,885193762
1215,885253014
1216,885306471
1217,885350858
1218,885357209
1219,885428475
1220,885494947
1221,885569243
1222,885656084
1223,885677764
1224,885707540
1225,885764633
1226,885786125
1227,885857084
1228,885924258
1229,885971300
1230,885976475
1231,885977175
1232,885998443
1233,886180917
1234,886221702
1235,886310450
1236,886405781
1237,886415494
1238,886429673
1239,886646567
1240,886716065
1241,886777235
1242,886849334
1243,886870332
1244,886879720
1245,886963278
1246,887188347
1247,887222556
1248,887241628
1249,887296782
1250,887308204
1251,887367598
1252,887413035
1253,887427305
1254,887435557
1255,887472818
1256,887646213
1257,887695819
1258,887705994
1259,887972584
1260,887991364
1261,888018726
1262,888020674
1263,888033898
1264,888041147
1265,888071384
1266,888089803
1267,888135186
1268,888197240
1269,888254438
1270,888318746
1271,888369413
1272,888414031
1273,888462423
1274,888478024
1275,888841160
1276,889043923
1277,889051979
1278,889066749
1279,889258340
1280,889289798
1281,889291193
1282,889335942
1283,889436908
1284,889450359
1285,889467898
1286,889582801
1287,889602684
1288,889609837
1289,889689495
1290,889836421
1291,889925581
1292,889943083
1293,889959477
1294,890197735
1295,890331770
1296,890522820
1297,890661834
1298,890774200
1299,890783836
1300,890808058
1301,890922911
1302,890954590
1303,891046061
1304,891051790
1305,891071630
1306,891135265
1307,891317568
1308,891337290
1309,891376647
1310,891387490
1311,891503122
1312,891560984
1313,891757521
1314,891814612
1315,891840910
1316,892032454
1317,892080203
1318,892197977
1319,892355634
1320,892493352
1321,892640517
1322,892643434
1323,892651472
1324,892808322
1325,892899801
1326,892917549
1327,892965252
1328,893053959
1329,893238545
1330,893289921
1331,893322735
1332,893488329
1333,893551959
1334,893617651
1335,893717591
1336,893733800
1337,893808721
1338,893888293
1339,893997059
1340,893999282
1341,894283649
1342,894372251
1343,894603902
1344,894710307
1345,894837955
1346,894880874
1347,895107756
1348,895162072
1349,895231168
1350,895260929
1351,895304959
1352,895305334
1353,895321153
1354,895439777
1355,895452316
1356,895474103
1357,895503980
1358,895533309
1359,895593485
1360,895652594
1361,895739125
1362,895763318
1363,895764733
1364,895778416
1365,895917377
1366,896022441
1367,896073715
1368,896088288
1369,896127070
1370,896186269
1371,896266874
1372,896303446
1373,896424750
1374,896458747
1375,896466409
1376,896519075
1377,896538997
1378,896584105
1379,896626735
1380,896815299
1381,896828984
1382,896990728
1383,897041068
1384,897046550
1385,897083281
1386,897132354
1387,897154895
1388,897182053
1389,897255868
1390,897282894
1391,897318879
1392,897431268
1393,897442735
1394,897487236
1395,897570930
1396,897583334
1397,897685266
1398,897695926
1399,897715847
1400,897798464
1401,897809593
1402,897940115
1403,898011981
1404,898108267
1405,898113894
1406,898152707
1407,898189483
1408,898206288
1409,898419718
1410,898446119
1411,898471774
1412,898640866
1413,898735889
1414,898738194
1415,898882382
1416,898927779
1417,899199265
1418,899217687
1419,899360936
1420,899379074
1421,899436742
1422,899439370
1423,899470947
1424,899519896
1425,899556367
1426,899586517
1427,899661452
1428,899717883
1429,899806771
1430,899857058
1431,900007152
1432,900220411
1433,900236207
1434,900252433
1435,900290933
1436,900291528
1437,900472563
1438,900473234
1439,900486842
1440,900495389
1441,900518833
1442,900521419
1443,900526195
1444,900608436
1445,900652786
1446,900869008
1447,901036338
1448,901053938
1449,901063518
1450,901074546
1451,901082150
1452,901093165
1453,901141078
1454,901252761
1455,901503799
1456,901567204
1457,901646336
1458,901843319
1459,901914472
1460,902015105
1461,902317272
1462,902485816
1463,902622211
1464,902781515
1465,902902359
1466,902916972
1467,902919355
1468,903041910
1469,903273547
1470,903275303
1471,903281959
1472,903301683
1473,903322486
1474,903338173
1475,903342909
1476,903441023
1477,903482409
1478,903537439
1479,903614622
1480,903924835
1481,904023290
1482,904089536
1483,904108142
1484,904285184
1485,904314517
1486,904356366
1487,904359891
1488,904361882
1489,904426540
1490,904480416
1491,904484317
1492,904510566
1493,904602048
1494,904660314
1495,904738458
1496,904774314
1497,904783991
1498,904842500
1499,904859213
1500,904879757
1501,905011017
1502,905028535
1503,905031408
1504,905082109
1505,905276755
1506,905300049
1507,905364549
1508,905496859
1509,905555431
1510,905560418
1511,905716809
1512,905867130
1513,905869428
1514,905995237
1515,906024235
1516,906053292
1517,906084471
1518,906270422
1519,906328315
1520,906395815
1521,906408279
1522,906459172
1523,906510276
1524,906517788
1525,906673185
1526,906833906
1527,906860931
1528,907090518
1529,907162164
1530,907279741
1531,907388056
1532,907478315
1533,907606175
1534,907694431
1535,907737391
1536,907839799
1537,907890946
1538,908047329
1539,908169625
1540,908172777
1541,908258530
1542,908305657
1543,908338276
1544,908383397
1545,908467645
1546,908476671
1547,908536411
1548,908577239
1549,908654521
1550,909057020
1551,909093487
1552,909129530
1553,909141652
1554,909274853
1555,909284697
1556,909421580
1557,909539265
1558,909539640
1559,909610828
1560,909715184
1561,909722873
1562,909727028
1563,909807500
1564,909845998
1565,910022994
1566,910169425
1567,910195236
1568,910212947
1569,910286613
1570,910390103
1571,910420402
1572,910534952
1573,910550758
1574,910597746
1575,910598396
1576,910685017
1577,910710334
1578,910806438
1579,910849892
1580,911018739
1581,911027698
1582,911203650
1583,911353174
1584,911357129
1585,911422352
1586,911456637
1587,911555960
1588,911801692
1589,911978116
1590,912028095
1591,912051973
1592,912070615
1593,912070670
1594,912156966
1595,912195519
1596,912209118
1597,912303686
1598,912405306
1599,912428078
1600,912461290
1601,912595173
1602,912631777
1603,912707922
1604,912732969
1605,912808436
1606,912827658
1607,912977278
1608,913005073
1609,913081509
1610,913089310
1611,913097639
1612,913317006
1613,913332325
1614,913347689
1615,913356528
1616,913394448
1617,913402378
1618,913705320
1619,913749758
1620,913795406
1621,913875072
1622,913948111
1623,914053204
1624,914437022
1625,914469013
1626,914469879
1627,914559599
1628,914563493
1629,914605313
1630,914677315
1631,914694206
1632,914814468
1633,914913330
1634,915035382
1635,915056617
1636,915061373
1637,915114142
1638,915133250
1639,915254260
1640,915255403
1641,915276198
1642,915287415
1643,915325381
1644,915441002
1645,915541355
1646,915597259
1647,915623353
1648,915646780
1649,915688673
1650,915692142
1651,915718217
1652,915797357
1653,915798112
1654,915813308
1655,915896929
1656,915901826
1657,915916415
1658,915992784
1659,916103651
1660,916136733
1661,916229516
1662,916441050
1663,916480834
1664,916641623
1665,916642019
1666,916683615
1667,916766301
1668,916790023
1669,916792421
1670,916876367
1671,916892996
1672,916913194
1673,916971582
1674,916984370
1675,917013704
1676,917023797
1677,917086078
1678,917402225
1679,917407927
1680,917451240
1681,917553382
1682,917576226
1683,917616076
1684,917651206
1685,917815139
1686,917903863
1687,917915292
1688,917921347
1689,918002739
1690,918018645
1691,918210703
1692,918252013
1693,918298714
1694,918386553
1695,918719382
1696,918733235
1697,918746787
1698,918751758
1699,918806204
1700,918896660
1701,918930194
1702,918946655
1703,918980876
1704,919022493
1705,919140628
1706,919272890
1707,919325442
1708,919438019
1709,919499878
1710,919513057
1711,919707127
1712,919731010
1713,919850428
1714,919913492
1715,920001589
1716,920037554
1717,920125551
1718,920136261
1719,920564885
1720,920616732
1721,920635237
1722,920753412
1723,920765532
1724,920789345
1725,921019362
1726,921035918
1727,921088683
1728,921102379
1729,921193759
1730,921209802
1731,921239182
1732,921261753
1733,921414751
1734,921531385
1735,921738297
1736,921749340
1737,921751818
1738,921773723
1739,921785803
1740,921861128
1741,921876033
1742,921886013
1743,921966630
1744,922038928
1745,922074217
1746,922150908
1747,922219253
1748,922231203
1749,922287091
1750,922326088
1751,922345938
1752,922380279
1753,922401577
1754,922599769
1755,922612616
1756,922693971
1757,922720190
1758,922724090
1759,922827645
1760,922955719
1761,922990396
1762,923017596
1763,923201554
1764,923234470
1765,923316346
1766,923320354
1767,923383033
1768,923426068
1769,923505703
1770,923514108
1771,923542356
1772,923696093
1773,923709299
1774,923711016
1775,923742207
1776,924070173
1777,924124721
1778,924172418
1779,924278205
1780,924475970
1781,924479415
1782,924515699
1783,924568454
1784,924687896
1785,924758291
1786,924771429
1787,924904664
1788,924942271
1789,924944841
1790,925043700
1791,925244802
1792,925342288
1793,925371946
1794,925397341
1795,925421889
1796,925470422
1797,925520611
1798,925581596
1799,925630933
1800,925675241
1801,925692095
1802,925787656
1803,925850418
1804,925955880
1805,925956069
1806,925996185
1807,926069807
1808,926240901
1809,926244986
1810,926534702
1811,926591014
1812,926627515
1813,926792406
1814,926807030
1815,926818002
1816,926935816
1817,927020273
1818,927046231
1819,927130048
1820,927213093
1821,927268703
1822,927321563
1823,927674552
1824,927702191
1825,927722066
1826,927722390
1827,927954489
1828,927973959
1829,928025857
1830,928058480
1831,928064681
1832,928140132
1833,928298431
1834,928308630
1835,928518249
1836,928556452
1837,928693202
1838,928714552
1839,928773649
1840,928816381
1841,928834241
1842,928859230
1843,928900022
1844,929155578
1845,929160646
1846,929305036
1847,929471772
1848,929517829
1849,929591985
1850,929774676
1851,929952918
1852,930085014
1853,930131059
1854,930200228
1855,930218431
1856,930287207
1857,930413514
1858,930449882
1859,930546390
1860,930588687
1861,930589746
1862,930589910
1863,930627430
1864,930674150
1865,930749973
1866,930820555
1867,930927396
1868,930987364
1869,930998906
1870,931042006
1871,931132983
1872,931317544
1873,931391507
1874,931393144
1875,931521793
1876,931539157
1877,931674690
1878,931677145
1879,931768606
1880,931812059
1881,931880867
1882,931933982
1883,931996800
1884,932028818
1885,932160183
1886,932230443
1887,932308645
1888,932332706
1889,932339777
1890,932453101
1891,932551687
1892,932724157
1893,932912012
1894,933035592
1895,933137927
1896,933201129
1897,933250115
1898,933261671
1899,933304153
1900,933334377
1901,933389446
1902,933468940
1903,933612036
1904,933622547
1905,933659575
1906,933912738
1907,934008894
1908,934065016
1909,934084964
1910,934103800
1911,934185507
1912,934248700
1913,934267520
1914,934268323
1915,934274664
1916,934285397
1917,934340611
1918,934388839
1919,934512973
1920,934714851
1921,934734261
1922,934755150
1923,934765071
1924,934979847
1925,935025033
1926,935387940
1927,935420789
1928,935443739
1929,935525699
1930,935560858
1931,935585502
1932,935623041
1933,935634891
1934,935638189
1935,935700985
1936,935718525
1937,935744955
1938,935776139
1939,935920117
1940,936039985
1941,936152543
1942,936166152
1943,936323932
1944,936583662
1945,936586099
1946,936620859
1947,936638167
1948,936783381
1949,936795016
1950,936826698
1951,937012764
1952,937025043
1953,937120836
1954,937161118
1955,937315321
1956,937330761
1957,937575545
1958,937593410
1959,937656555
1960,937720024
1961,937726309
1962,937768741
1963,937928660
1964,937930018
1965,937945523
1966,938015330
1967,938132237
1968,938205673
1969,938223751
1970,938257876
1971,938321976
1972,938364101
1973,938400427
1974,938560458
1975,938582540
1976,938636284
1977,938709479
1978,938930189
1979,939009721
1980,939345635
1981,939549497
1982,939648874
1983,939659143
1984,939737543
1985,939905781
1986,939962009
1987,940002150
1988,940023949
1989,940024755
1990,940050954
1991,940095923
1992,940122541
1993,940162078
1994,940284047
1995,940424379
1996,940582591
1997,940691974
1998,940795416
1999,940868901
2000,940872108
2001,940885860
2002,940891053
2003,941069311
2004,941159145
2005,941201940
2006,941240912
2007,941299317
2008,941302512
2009,941428522
2010,941492862
2011,941505476
2012,941522192
2013,941543832
2014,941656238
2015,941703025
2016,941800848
2017,941822476
2018,941830969
2019,941961771
2020,942038409
2021,942189111
2022,942249506
2023,942274624
2024,942323073
2025,942492102
2026,942600640
2027,942656481
2028,942695901
2029,942743676
2030,942831344
2031,942850231
2032,942929678
2033,943110789
2034,943157410
2035,943261504
2036,943462344
2037,943602427
2038,943776749
2039,943793522
2040,943807398
2041,943923566
2042,943936396
2043,943953148
2044,944086748
2045,944136028
2046,944337253
2047,944357426
2048,944362185
2049,944416336
2050,944436858
2051,944589408
2052,944635213
2053,944657614
2054,944686854
2055,944760906
2056,944761687
2057,944826494
2058,944905076
2059,944984659
2060,945025956
2061,945052428
2062,945125958
2063,945385474
2064,945421106
2065,945430420
2066,945448140
2067,945448880
2068,945473912
2069,945632739
2070,945783614
2071,945811106
2072,945897027
2073,945976178
2074,945993066
2075,946121389
2076,946205695
2077,946206861
2078,946261156
2079,946332811
2080,946342171
2081,946348857
2082,946444817
2083,946484976
2084,946523041
2085,946618903
2086,946654102
2087,946754907
2088,946810207
2089,946893336
2090,947061420
2091,947083870
2092,947204305
2093,947359227
2094,947361865
2095,947716445
2096,947728630
2097,947746614
2098,947945306
2099,948020083
2100,948080431
2101,948144596
2102,948182251
2103,948203748
2104,948214898
2105,948246766
2106,948350184
2107,948410238
2108,948594745
2109,948630883
2110,948639551
2111,948701969
2112,948920375
2113,949019175
2114,949034859
2115,949113917
2116,949248925
2117,949291640
2118,949359109
2119,949416291
2120,949509928
2121,949649764
2122,949842132
2123,949894368
2124,950013609
2125,950056215
2126,950076738
2127,950097037
2128,950295395
2129,950316866
2130,950321836
2131,950425177
2132,950482725
2133,950493279
2134,950516246
2135,950542962
2136,950650862
2137,950672351
2138,950707360
2139,950777042
2140,950806089
2141,950819944
2142,950844490
2143,950849719
2144,950861633
2145,950875470
2146,950930743
2147,950963000
2148,951011507
2149,951033037
2150,951291157
2151,951310596
2152,951371121
2153,951421063
2154,951438325
2155,951510243
2156,951564172
2157,951642187
2158,951876549
2159,951925218
2160,952014715
2161,952028079
2162,952121945
2163,952146755
2164,952175082
2165,952416722
2166,952533057
2167,952593734
2168,952656515
2169,952842962
2170,952860055
2171,952996795
2172,953014773
2173,953030689
2174,953046347
2175,953167528
2176,953202794
2177,953376808
2178,953457482
2179,953516529
2180,953549959
2181,953555166
2182,953697173
2183,953753919
2184,953824546
2185,953935465
2186,954036193
2187,954077508
2188,954104775
2189,954143462
2190,954429950
2191,954459306
2192,954692619
2193,954750048
2194,955068877
2195,955144013
2196,955430247
2197,955452754
2198,955534459
2199,955644121
2200,955697639
2201,955775054
2202,955916195
2203,955916292
2204,955937983
2205,956024586
2206,956032897
2207,956111559
2208,956120803
2209,956266011
2210,956550428
2211,956643209
2212,956657782
2213,956660169
2214,956831081
2215,956834483
2216,956875963
2217,956885226
2218,956940342
2219,956981252
2220,957016781
2221,957043944
2222,957087456
2223,957090815
2224,957192452
2225,957239377
2226,957244375
2227,957385347
2228,957417401
2229,957433593
2230,957465445
2231,957475284
2232,957576235
2233,957682249
2234,957859593
2235,957931436
2236,958020633
2237,958109915
2238,958161103
2239,958168744
2240,958179312
2241,958282849
2242,958339880
2243,958369157
2244,958410398
2245,958491910
2246,958494402
2247,958551961
2248,958591583
2249,958676345
2250,958738591
2251,958749144
2252,958871771
2253,958895293
2254,958910475
2255,958973565
2256,959113005
2257,959385490
2258,959433640
2259,959500608
2260,959517024
2261,959530311
2262,959576771
2263,959589895
2264,959652038
2265,959692682
2266,959714296
2267,959787319
2268,959931515
2269,960166801
2270,960190500
2271,960404153
2272,960494670
2273,960547669
2274,960779504
2275,960801091
2276,960817432
2277,960864867
2278,960895504
2279,960897210
2280,961028698
2281,961089755
2282,961145246
2283,961214349
2284,961275055
2285,961296541
2286,961318435
2287,961462821
2288,961664908
2289,961773762
2290,961829281
2291,961894374
2292,961931707
2293,961939573
2294,961941286
2295,962042726
2296,962063064
2297,962147749
2298,962182167
2299,962218682
